SMILES,y
CCCCOCCC(=O)OCCCC,-2.4029
OC(=O)C1=C[NH++]([O-])[CH-]C=C1,-1.2983
OCc1ccccc1O,-0.2946
CCN(CC)CC(C1=CC=CC=C1)OC(=O)C2=CC=C(C=C2)[N+](=O)[O-],-2.84
Cc1ccccc1O,-0.619013017
CC(C)CCCCCCCCCCO,-5.000794033
OC1CCOC1,1.055
Nc1c(Oc2ccccc2)cc(O)c3C(=O)c4ccccc4C(=O)c13,-4.219226833
C1=CC2=C3C4=C1C=CC5=C4C6=C(C=C5)C=CC7=C6C3=C(C=C2)C=C7,-8.83
Cc1ccc(c(C)c1)[P](O)(O)=O,-1.0938
c1c(N(=O)(=O))cc2C(c3ccccc3)=NCC(=O)N(C)c2c1,-3.8
CCN(c1c(cc(cc1[N+]([O-])=O)[N+]([O-])=O)[N+]([O-])=O)[N+]([O-])=O,-3.7007
C1CCCCCC1,-3.5149
O=C(O)CCCCCCC,-2.3
CC1=C(Cl)C=C(Cl)C(CC2=CC=C(Cl)C=C2Cl)=C1,-7.49
Cc1ccc(Sc2ccc(cc2)C(=O)c3ccccc3)cc1,-7.61540826
[O-][N+](=O)C1=CC=C(N[S](=O)(=O)C2=CC=CC=C2)C=C1,-3.93
CC1=CCC2C(C1)C(=O)OC2=O,-1.09999437
O=C(O)CSC(=S)OCC1=CC=CC=C1,-2.68
NC1=NC2=C(N=CN2C2C=CC(CO)C2)C(O)=N1,-2.3
NC(=S)Nc1cccc(c1)[N+]([O-])=O,-1.4499
C\C(I)=C\C(O)=O,-1.16
CCCC(=O)CCC,-1.48
CO[P](=S)(OC)Oc1ccc(cc1)C#N,-3.7232
NCCCCCCNC(O)=O,-0.095298805
CCCCSC(SCc1ccc(cc1)C(C)(C)C)=Nc2cccnc2,-5.5712
O[S](=O)(=O)c1ccccc1N=C2C=CC(C=C2)=C(c3ccc(Nc4ccccc4)cc3)c5ccc(Nc6ccccc6)cc5,-8.377105088
COC(=O)\C=C\c1ccccc1,-2.73434753
N1c2ccccc2Sc3c1ccc4ccccc34,-6.5727
CC(=C)C=C,-2.025733236
CC1(C)SC2C(NC(=O)CC3=CC=CC=C3)C(=O)N2C1C(=O)O,-1.63
S=C=Nc1cccc2ccccc12,-4.6022
Nc1ccc(cc1)N=Nc2ccccc2,-3.759703076
CCOC(=O)C1(C)OC(=O)N(C1=O)c2cc(Cl)cc(Cl)c2,-5.2203
O=C1OC(=O)C=C1,0.618115807
COc1ccc(cc1[N+]([O-])=O)[N+]([O-])=O,-3.107
CN(C)c1ccc(cc1)C(c2ccc(cc2)N(C)C)c3ccc(cc3)N(C)C,-5.458398413
[O-][N+](=O)c1ccc(C=O)cc1,-1.8101
N[C@@H](C(=O)N[C@H]1[C@H]2SCC(=C(N2C1=O)C(O)=O)Cl)c3ccccc3,-1.5656
Cc1ccccc1OCC2CO2,-2.291104446
CCC(C)CC,-3.6826
COc1ccc(O)cc1,-0.4919
CCCCCCCCCCCCNC(=O)c1cccnc1,-3.2078
CN(CC(O)=O)C(N)=N,-0.938741673
NS(=O)(=O)c2cc1c(NCNS1(=O)=O)cc2Cl ,-2.63
CC(C)CCCCCCCOP(OCCCCCCCC(C)C)Oc1ccccc1,-6.382029914
CC1CCC2(CCC(C)O2)O1,-0.4487
COC(=O)c1ccccc1,-1.811798351
CCO[P](=O)(OCC)SCCSCC,-2.1112
CC\C=C\C,-2.544904806
CCC(O)\C=C\C,-0.4198
OC(=O)CC(Cl)C(O)=O,0.0767
Cc1cc(Cc2cc(C)cc(c2O)C(C)(C)C)c(O)c(c1)C(C)(C)C,-7.2311
CCCCCCCCN1SC=CC1=O,-2.6301
CCOC(=O)C(C)(C(=O)NC(=O)NC)C1=CCCCC1,-3.0
CC(C)(C)CCCO,-1.5402
CC(C)(C)NC(=O)C1N(CSC1(C)C)C(=O)C(O)C(CC2=CC=CC=C2)NC(=O)C3=CC=CC=C3,-3.62
CC(C)OC(=O)COc1ccc(Cl)cc1Cl,-3.848
CS(=O)(=O)NS(=O)(=O)C1CCCCC1,-0.33
CCCCCC1COCCC1OC(C)=O,-2.998795888
CC(NC(=O)c1ccccc1)C(O)=O,-1.6839
OC(=O)C1=CC(=CC=C1O)O,-0.85
CC(C)C1=C(Br)C(=C(C)C=C1C2(O[S](=O)(=O)C3=C2C=CC=C3)C4=CC(=C(O)C(=C4C(C)C)Br)C)O,-5.18
Cc1cc(O)c(cc1Cl)C(O)=O,-3.1248
NC(=N)[S](O)=O,-0.556792816
COC(C)(C)CC(C)=O,0.3326
CCN(CC)c1cc2[o+]c3cc(N(CC)CC)c(C)cc3c(c2cc1C)c4ccc(cc4[S]([O-])(=O)=O)[S]([O-])(=O)=O,-0.80532039
CC1=CC(=C(O)C=C1)C(O)=O,-2.76
NC(=O)NCNC(N)=O,-0.6525
CC(C)=C1CCC(=CC1)C,-4.287342935
OC(=O)c1ccccc1C(=O)c2ccc(cc2)c3ccccc3,-4.828233467
Nc1c(cc(Br)c2C(=O)c3ccccc3C(=O)c12)[S]([O-])(=O)=O,-1.305537302
CC(O)C(C)Cl,-0.2122
CCN(CC)C(=O)OC,-0.2918
FC(F)=C(F)Cl,-2.160954298
NC1=C2C=CC(C(F)(F)F)=CC2=NC2=C1C=CC=C2,-2.17
C1CNCCN1,1.0648
NC(CC1=CC(=C(O)C(=C1)I)I)C(O)=O,-2.86
CCOC(=O)C1=CC(=C(O)C=C1)OC,-1.72
CC(C)CC1CC(C)(O)CCO1,2.13768162
OCc1cc(Cl)ccc1OCC(O)=O,-2.0347
COC(=O)c1c(Cl)nn(C)c1[S](=O)(=O)NC(=O)Nc2nc(OC)cc(OC)n2,-4.4642
OCc1cc(O)ccc1O,0.8534
CCO[P]([O-])(=O)C(N)=O,0.7693
CC1=NC=C(N1CCO)[N+](=O)[O-],-1.21
CNC1=C(Cl)C(=O)N(N=C1)c2cccc(c2)C(F)(F)F,-3.9548
CCOC(=O)c1cccnc1,-0.4313
CCN(OC(=O)c1ccccc1)C(=O)c2c(OC)ccc(Cl)c2OC,-4.0837
CCCCCCCCC\C=C/CCCCCCC(=O)OCCCCCCCC\C=C/CCCCCCCC,-7.027706683
CCn1c2ccccc2c3ccccc13,-6.813503151
COc1cc(ccc1O)C(O)=O,-2.0496
CC(C)CCCC(C)CCCC(C)CCCC1(C)CCc2cc(O)c(C)c(C)c2O1,-8.505869726
c1ccccc1OC,-1.85
COC1=C(CC(C)NC(C)CC2=C(OC)C=CC=C2)C=CC=C1,-2.0
CC1(C)CCC2OC23C(C)(C)C4CCC13C4,-4.6529288
CCOC(=O)c1ccccc1C(=O)c2ccccc2,-3.4053
C[N+](C)(CCCN[S](=O)(=O)CCC(F)(F)C(F)(F)C(F)(F)C(F)(F)C(F)(F)C(F)(F)F)CC([O-])=O,-4.057185148
COc2ccc(CC1NCC(O)C1OC(C)=O)cc2,-1.61
OCCN(CCO)N=O,0.8724
CCCC(=O)Oc1ccc(cc1)[N+]([O-])=O,-3.9404
COc1ccc(NCC(O)CO)cc1,-0.295
CCCCCCCC(=O)OCSC1=NC=NC2=C1N=C[NH]2,-4.62
OC(=O)CC(CC(O)=O)C(O)=O,0.275
CO[C@]1(C)CCC23C[C@@H]1C(C)(C)[C@@H]2CC[C@H]3C,-4.74017718
C=COC(=O)c1ccccc1,-2.622959195
CNC(=O)O\N=C\C(C)(C)SC,-1.4991
CCCCCCCCCCCCCCOC(=O)CCCCCCC\C=C/CCCCCCCC,-6.98122586
COC(=O)CCCCC(=O)OC,-1.4629
COc1cc(CC(C(C)=O)C(C)=O)ccc1O,-1.786365949
CCCCCCCCCCCCCCCCCCCCCCCCCCCCCCCCCCCC,-8.4746
NC1=NC=NC2=C1N=CC=N2,-2.31
OC1=Cc2ccccc2NC1=C3C(=O)c4ccccc4C3=O,-7.046360074
CC(=O)OC1CCC2C3CCC4CC(=O)CCC4(C)C3CCC12C,-5.35
CCN(C1CC(C)[S](=O)(=O)C2=C1C=C(S2)[S](N)(=O)=O)C(=O)CNC,-1.21
Cc1ccc(OCCC[S]([O-])(=O)=O)c(c1)[N+]([O-])=O,0.170310359
ClC1=CC=C(OC2=CC(=CC(=C2)Cl)Cl)C(=C1)Cl,-7.14
CCC1O[C@]2(CCC1C)C[C@@H]3C[C@@H](C\C=C(/C)CC(C)/C=C/C=C/4CO[C@@H]5[C@H](O)C(=C[C@@H](C(=O)O3)[C@]45O)C)O2,-4.8772
Nc1ccc(OCCO)c(N)c1,-0.233704176
N(CCC1)C1,1.15
Cc1ccc(cc1)N2N=C(C)C(N=Nc3ccc(cc3Cl)c4ccc(N=NC5C(=NN(c6ccc(C)cc6)C5=O)C)c(Cl)c4)C2=O,-8.269885037
CN1CCN(CCCN2c3ccccc3Sc4ccc(cc24)C(F)(F)F)CC1,-4.5238
CCCCN(CCCC)C(=S)SCSC(=S)N(CCCC)CCCC,-6.240523569
CCOC(=O)c1ccc(cc1)N=CN(C)c2ccccc2,-5.450777025
CCCCCCCCCCCCCC(=O)OC(C)C,-6.733128222
COc1ccc(CC(C)C=O)cc1,-2.24666187
C[C@H](O)C(=O)Nc1c(I)c(C(=O)NC(CO)CO)c(I)c(C(=O)NC(CO)CO)c1I,-0.7443
CCN(CCOC(C)OCC(C)C)c1ccc(cc1)N=Nc2ccccc2,-7.090503766
CC(=O)OC/C=C(C)/CCC=C(C)C,-3.830500177
CC(C)CCC(C)(O)C#CC(C)(O)CCC(C)C,-3.437525292
CC(CCC=O)C1C(=CCCC1(C)C)C,-4.653202091
Clc1ccc(Oc2ccccc2Cl)cc1,-5.52
Brc1cccc(c1)N=C=S,-4.0851
CN1C(=O)N=CC2=C1NC(=O)N2,-0.794
OCC=C,1.236
CCCCOCc1ccc(O)c(OC)c1,-2.094896806
Cc1cccc(Cc2ccccc2)c1Cc3ccccc3,-7.179920249
CC(C)c1cccc(c1)C(C)C,-6.602799271
C1C(O)CC2=CCC3C4CCC(C(=O)C)C4(C)CCC3C2(C)C1,-4.65
CC(C)(C)NCC(O)COC1=C(C=CC=C1)C2CCCC2,-1.84
COC1=CC2=CC=C(C(C)C(=O)OCCN3CCN(C)CC3)C=C2C=C1,-1.49
O=S(=O)(Nc(nccc1)c1)c(ccc(N)c2)c2,-2.7
CCN1C=C(C(O)=O)C(=O)C2=C1C=C(N3CCNCC3)C(=C2)F,-2.76
COc1ccc(cc1N\N=C2/C(=O)C(=Cc3ccccc23)C(=O)Nc4ccc5NC(=O)Nc5c4)C(=O)Nc6ccccc6,-8.479083332
CC1=CC2=C(C=C1)S(=O)(=O)C=C2,-2.65
COc1ccc2C[C@@H]3[C@@H]4C=C[C@H](O)[C@@H]5Oc1c2[C@]45CCN3C,-1.522
OC(=O)c1ccc(C(O)=O)c(Br)c1,-2.1339
CCOc1nc2cccc(C(O)=O)c2n1Cc3ccc(cc3)c4ccccc4c5n[nH]nn5,-6.497781397
Clc1ccc(c(Cl)c1)C(=O)OOC(=O)c2ccc(Cl)cc2Cl,-8.27876503
CCCCC(=O)NCCNC(=O)CCCC,-1.8145
BrCBr,-1.285894713
CCOC1=CC=C(N[S](=O)(=O)C2=CC=C(C=C2)[N+]([O-])=O)C=C1,-4.72
C(CNc1cccc2ccccc12)CN3CCOCC3,-2.702803349
CC1=C(Cl)C(CC2=CC=C(Cl)C=C2Cl)=CC=C1Cl,-7.4
CCCN(C)N=NC1=CC=C(C(=O)O)C=C1,-1.43
CC(C)c1ccc(N)cc1,-1.785831196
COC1=CC=C2N=CC=C(C(O)C3CC4CCN3CC4C=C)C2=C1,-2.79
CC(O)c1ccccc1,-1.7969
CCC#CCCOC(=O)C(C)C1=CC=C2C=C(OC)C=CC2=C1,-7.33
ClC1=CC=C(OC2=CC(=C(Cl)C=C2Cl)Cl)C=C1,-7.04
Clc1c(Cl)c(Cl)c2nccnc2c1Cl,-5.428
Cc1ccccc1NC(=O)c2cc3ccccc3cc2O,-4.623441954
COc1c(cccc1C(O)=O)C(O)=O,-2.2926
CC(C)[C@@H]1CC[C@@H](C)C[C@H]1OC(C)=O,-3.97511656
CC(=O)Nc1cccc(C)c1,-2.091
C[Si]1(C)O[Si](C)(C)O[Si](C)(C)O[Si](C)(C)O[Si](C)(C)O[Si](C)(C)O1,-7.9407
CC12CCC3C(CCC4=CC(=O)CCC34C)C1CCC2OC=O,-4.93
COC(=O)C(N)CC1=CC(=C(O)C=C1)O,0.48
OC(=O)/C=C/c1occc1,-1.8392
C[C@]12CC[C@H]3[C@@H](CCC4=CC(=O)CC[C@]34C)[C@@H]1CC[C@@H]2C(=O)CO,-3.7446
CCN(CCC#N)c1ccc(cc1)N=Nc2ccc(cc2)[N+]([O-])=O,-7.208650928
OC(=O)Cc1ccc(Cl)cc1Cl,-2.91914164
Cc1cccc2sc3nncn3c12,-2.0729
CCO[P](=O)(OCC)Oc1cc(C)[nH]n1,-2.3696
Nc1ccc(cc1[S](O)(=O)=O)[S](O)(=O)=O,-1.770093003
CC(=O)OCSC1=NC=NC2=C1N=C[N]2COC(C)=O,-2.54
CC(=O)OC(C)=O,0.0702
CCc1cc(CC)cc(CC)c1,-7.0641
Clc1cnc2cncnc2n1,-0.8749
CCCCCCC(=O)OCC,-2.7369
CC(O)CN(CCCN(C)C)CCCN(C)C,0.610105975
[O-][S](=O)(=O)c1ccc(C=C)cc1,-0.033251081
CC/C(C)=C/CC/C(C)=C/C#N,-3.589641142
CC1(C)NC(=O)NC1=O,0.03847382
CC(=O)NC(CC1=CC=C(O)C=C1)C(=O)O,0.01
CCCCCCCCC#N,-3.2987
COc1ccc(CCC(O)=O)cc1,-2.2144
CNC(=O)Oc1cccc(C)c1,-1.803
CC1COC(=O)O1,0.371232292
O=C1C2(C(C3CCC4C(C3CC2)(C)CCCC4)CC1)C,-6.7
O=C(O)C1=C(N=NC2=CC=C(O)C=C2)C=CC=C1Cl,-3.0
OC(=O)CCCCC1SCC2NC(=O)NC12,-3.046
c1ccc2c(c1)ccc3c2ccc4c5ccccc5ccc43,-7.87
Nc1ccc(cc1)[S](=O)(=O)Nc2scnn2,-2.8684
NC1=C(S(=O)(=O)O)C=CC2=C1C=CC=N2,-2.5
CC(C)C1C(=O)NC(=O)NC1=O,-1.4556
CCCCCCCCCCCCCCCCCC[NH+](C)C,-4.678690034
COc1cc(OC)nc(NC(=O)N[S](=O)(=O)c2n(C)ncc2c3nnn(C)n3)n1,-2.6066
COc1ccc(C)cc1,-2.339542101
C[C@]12CCC(=O)C=C1CC[C@@H]3[C@@H]2CC[C@@]4(C)[C@H]3CCC4(O)C#CCO,-3.526033775
C=Cc1ccncc1,-0.5579
CC(=O)[C@H]1CC[C@H]2[C@@H]3CC=C4C[C@@H](O)CC[C@]4(C)[C@H]3CC[C@]12C,-4.652
C#CCCCC#C,-1.747
OC(O)=C1OC(=CC(=O)C1=O)C(O)=O,-1.377
CCCCCC(O)/C=C/C1C(O)CC(O)C1C\C=C\CCCC(O)=O,-2.33
CC(C)COc1ccc2ccccc2c1,-5.2117
CC(CCOC(=O)CC(C)CC(C)(C)C)CC(C)(C)C,-8.277966587
NC(=O)C1(CCCCC1)N2C(=O)c3cccc(Cl)c3C2=O,-4.0097
CCCCCC1=C2C=CC3=C(C=CC=C3)C2=CC4=C1C=CC=C4,-8.57
C[Si](O[Si](C)(C)C)O[Si](C)(C)C,-7.044345696
NCC[C@H](O)C(=O)N[C@@H]1C[C@H](N)[C@@H](O[C@H]2O[C@H](CN)[C@@H](O)[C@H](O)[C@H]2O)[C@H](O)[C@H]1O[C@H]3O[C@H](CO)[C@@H](O)[C@H](N)[C@H]3O,-0.5004
COC(=O)CN(CC(=O)OC)c1ccc(N=Nc2ccc(cc2C#N)[N+]([O-])=O)c(NC(C)=O)c1,-5.193519738
Cc1cc(Cl)ccc1O,-1.552
CCN1C=CC(=NC1=O)N[S](=O)(=O)C2=CC=C(NC(C)=O)C=C2,-2.71
CCSSCC,-2.42
OC(=O)CN(C[P](O)(O)=O)C[P](O)(O)=O,-0.0256
CC(C)COC(=O)N1C=C(F)C(=O)NC1=O,-1.89
CC(CCC(O)=O)C1CCC2C3C(O)CC4CCCCC4(C)C3CCC12C,-6.46
OC(=O)C(Br)=C(Cl)Br,-1.0071
CC(C)(O)C#N,1.07
NC1=CC=CC(=C1)[S](=O)(=O)NC2=NN=C(S2)[S](N)(=O)=O,-1.54
OCC(O)[C@H]1OC2O[C@@H](O[C@@H]2[C@H]1O)C(Cl)(Cl)Cl,-1.843
ClCCO[P](=O)(OCCCl)OCCCl,-1.6105
CN(C)C(N)=N,-1.7306
CC1(C)NC(=O)N(CC2=CC=CC=C2)C1=O,-1.8
OCc1ccc(cc1)[N+]([O-])=O,-1.8841
CCCCCCCC\C=C/CCCCCCCC(=O)OCC(C)OC(=O)CCCCCCC\C=C/CCCCCCCC,-4.781756093
CC12CCC(C3=C1N=C(NS(=O)(=O)C1=CC=C(N)C=C1)N=C3)C2(C)C,-4.08
COC(=O)c1ccccc1C(=O)OC,-1.686157925
COC1=CC=CC(CC(C)NC(C)CC2=C(OC)C=CC=C2)=C1,-3.0
CC1=NC2=C([NH]1)C=NC=N2,-0.41
CCCCCCCCCC(O)=O,-3.445216137
CN(C)C(=O)COC(=O)C1=C(O)C=CC=C1,-1.71
CC(C)CCCCCCCOC(=O)C=C,-5.199912698
Cc1cccc2cc3ccccc3cc12,-5.8541
CCCCCC(O)C=CC1C(O)CC(=O)C1CC=CCCCC(=O)O,-2.47
COCc1ccc(cc1)c2ccc(COC)cc2,-4.002368633
CCCCCCCC(=O)OC1C(C(O)CO)OC2OC(C)(C)OC21,-3.17
C[C@H](CCC(O)=O)[C@H]1CC[C@H]2[C@@H]3[C@H](O)C[C@@H]4C[C@H](O)CC[C@]4(C)[C@H]3CC[C@]12C,-3.6402
CO[Si](CCCOC(=O)C=C)(OC)OC,-4.606388779
ClC1=C(Cl)C(Cl)=C(OC2=C(Cl)C(Cl)=C(Cl)C(Cl)=C2Cl)C(Cl)=C1Cl,-12.95
Clc1c(Cl)c(C#N)c(Cl)c(C#N)c1Cl,-5.6466
CNC(=O)CS[P](=S)(OC)OC,-0.9624
NC1=CC=C2C(O)=CC=CC2=C1S(=O)(=O)O,-2.06
CCC(=O)C(CCCCCCOC1=C(Cl)C=C(OC)C=C1)C(=O)CC,-5.27
CC=C(Cc1ccccc1)C(O)=O,-2.5648
CNCCC(O)=O,-0.0543
CC(=O)OC(C=C)C#N,-0.898693945
CC(C)OC(=O)c1cc(c(F)cc1Cl)c2nn(C)c(c2Br)C(F)(F)F,-6.9227
CC(C)CC(N)C(=O)NC(CC1=CNC2=C1C=CC=C2)C(=O)O,-1.12
o1c(cnc1c2ccccc2)c3ccccc3,-5.553210296
CC/1=CC(=O)C=CC1=N/Nc2ccc(Nc3ccc(cc3[N+]([O-])=O)[S]([O-])(=O)=O)cc2,-2.699363586
OCC3OC(OCC2OC(OC(C#N)c1ccccc1)C(O)C(O)C2O)C(O)C(O)C3O ,-0.77
O=C(NCCc1c[nH]cn1)c2ccccc2,-0.634
CN(C(=S)SSC(=S)N(C)c1ccccc1)c2ccccc2,-6.260769992
CC1(C)CNCC(C)(C)C1OC(=O)CCCCCCCCC(=O)OC2C(C)(C)CNCC2(C)C,-4.40774699
CC(C)N(C(C)C)C(=O)COC(=O)C1=CC=CC=C1,-3.34
CC1C(NC(=O)C(=N\OC(C)(C)C(O)=O)/C2=CSC(=N2)N)C(=O)N1[S](O)(=O)=O,-1.64
CCC(C)(C)OC,-0.979563677
OC(=O)CCC[Se][Se]CCCC(O)=O,-2.2471
CC(C)OC(=O)CCC(=O)OC(C)C,-1.729316846
CS(=O)(=O)NC1=C(C=C(C=C1)[N+](=O)[O-])OC2=CC=CC=C2,-4.49
CCNC1=NC(=NC(=N1)NCC)SC,-2.73
CCc1ccc(NC(C)=O)cc1,-2.1453
Cc1cc2N=C3C(=O)NC(=O)N=C3N(CC(O)C(O)C(O)CO)c2cc1C,-3.6478
Brc1ccc2ccccc2c1,-4.4001
Nc1ccc(Nc2ccc(cc2[S](O)(=O)=O)[N+]([O-])=O)cc1,-1.59828953
Nc1cc(ccc1O)[N+]([O-])=O,-2.205601857
CCC1CO1,0.080542298
ClC1=CC=C(C2=C(Cl)C=C(Cl)C=C2Cl)C=C1,-6.94
COc1ccc(OC)c(c1)[N+]([O-])=O,-3.01732508
CCCCCCCCCCCCCCCCCCN1C(=O)c2ccc3Sc4ccccc4c5ccc(C1=O)c2c35,-7.96678917
NC(=S)Nc1cccc2ccccc12,-2.5278
C[C@]12CC[C@H]3[C@@H](CCC4=C3CCC(=O)C4)[C@@H]1CC[C@@H]2O,-4.947028744
Clc1ccc2cc(Cl)c(Cl)cc2c1,-7.1419
COC1=C(N[S](=O)(=O)C2=CC=C(N)C=C2)C=C(N)C=C1,-5.08
CC(=O)CC(c1ccc(Cl)cc1)c2c(O)c3ccccc3oc2=O,-5.839
Cc1cnc2c(ccc3c(C)c(C)cnc23)c1C,-5.1939
ICI,-2.3345
CCCCC(C(O)=O)C(O)=O,0.4369
O=C(O)C=CC=CC,-1.77
OCCNc1ccccc1[N+]([O-])=O,-1.993326586
CN(C)[S](=O)(=O)N(SC(F)(Cl)Cl)c1ccc(C)cc1,-5.5864
CC1(C)OC(=O)C2=C1C=CC(C#N)=C2,-2.91
CN(C)c1ccc2nc3cc(C)c(N)cc3[s+]c2c1,-0.9034
CCCCCCCCCCCCCCCC(=O)OC/C=C(C)/C=C/C=C(C)/C=C/C1=C(C)CCCC1(C)C,-5.72005506
Cc1ccc2nc3SC(=O)Sc3nc2c1,-5.3698
CCCCO[P](=O)(OCC)OCC,-1.1466
Nc1ncc2[nH]cnc2n1,-1.21
CCO[P](=S)(OCC)O[P](=S)(OCC)OCC,-4.0312
CCSC(=O)N(CC(C)C)CC(C)C,-3.684
CSC(=O)C1(OC(C)=O)C(C)CC2C3CCC4=CC(=O)C=CC4(C)C3(F)C(O)CC12C,-6.22
CCCCCCCCCCCCCCCCCCOCCCN(C)C,-6.85205403
ClC1C(Cl)C(Cl)C(Cl)C(Cl)C1Cl,-4.64
Brc1ccccc1,-2.568561457
CCNC(=O)CS[P](=S)(OC)OC,-1.4567
CC12CCC3C(=CCC4=C3C=CC(=C4)O)C1CCC2O,-4.4
CC\C(C)=N\O,0.0599
CCC(CC)(C(=O)NC(N)=O)C(=O)OCOC,-2.17
CCC1=C(NC(=O)N1)C(=O)C2=CC=NC=C2,-1.99
CC12CC(O)C3C(CCC4=CC(=O)CCC34C)C1CCC2C(=O)CO,-3.24
CC(=O)CCl,-0.012
[O-][N+](=O)c1ccc(Cl)cc1,-2.811828673
CCCCCCCCCCCCCCCCCCOC(=O)CCc1cc(c(O)c(c1)C(C)(C)C)C(C)(C)C,-8.270149868
OC1=CC(=O)NC=N1,-1.587161122
CC[S](=O)(=O)C(C)(C)[S](=O)(=O)CC,-1.927
CC(C)(c1ccc(OCCOC(=O)C=C)cc1)c2ccc(OCCOC(=O)C=C)cc2,-5.999481603
CC1=C(CC2=C(Cl)C=CC=C2)C(Cl)=C(Cl)C(Cl)=C1,-7.24
CCOC(=O)c1nn(c2ccc(Cl)cc2Cl)c(n1)C(Cl)(Cl)Cl,-5.6516
O=C1[C@H](OC(C)=O)[C@H](c2ccc(OC)cc2)Sc2ccccc2N1CCN(C)C,-3.16
CC(C)CCCC(C)C\C=C\C(C)=C\C(=O)OCC#C,-4.7239
CCN1C(=C(N=NC2=C(C=C(Cl)C=C2)[N+]([O-])=O)C(=C(C#N)C1=O)C)O,-6.69
[O-][N+](=O)c1cc(Cl)ccc1Cl,-3.364225398
CCCCN(CC)C(=O)SCCC,-3.41
CN(C)C=O,1.13611233
OC[C@H]1C[C@H](N[C@H]2C=C(CO)[C@@H](O)[C@H](O)[C@H]2O)[C@H](O)[C@@H](O)[C@@H]1O[C@@H]3O[C@H](CO)[C@@H](O)[C@H](O)[C@H]3O,0.3032
O=C1Nc2cncnc2N1,-1.5141
COC1=CC(=CC=C1)C(O)=O,-1.93
C[Si](C)(C)O[Si](C)(C)O[Si](C)(C)O[Si](C)(C)O[Si](C)(C)O[Si](C)(C)C,-5.661813632
CN1C(=O)C(=Nc2cncnc12)C,-1.489
CCCC(O)C(C)C,-1.3093
CCCC(=O)OCCOCCOCCOC(=O)CCC,-1.5598
CC(=O)C=CC(O)=O,-0.2332
CC(=O)OC1C2C(CC(C)C3C=CC(=O)C31C)OC(=O)C2C,-2.19
Clc1ccc2N(C3CC[NH2+]CC3)C(=O)Nc2c1,-2.663075861
CCCCCCCCCCCCCCNC(=O)C(C)O,-3.9784
Brc1ccc(Br)c(Br)c1,-4.808
Clc1cc(Cl)c(c(Cl)c1)c2cccc(Cl)c2Cl,-7.3999
OCC(CO)C(=O)OCN1C(=O)NC(C1=O)(C2=CC=CC=C2)C3=CC=CC=C3,-2.21
OC(=O)c1cccc(I)c1,-3.2706
CCCCCCCCCCCCOC(=O)CCSCCC(=O)OCCCCCCCCCCCC,-5.711686622
CN(C(N)=O)c1ccc(C)cc1,-0.423
O=C1N(CC2CO2)C(=O)N(CC3CO3)C(=O)N1CC4CO4,-1.495423095
COC(C)(C)C,-0.323526854
CC1CCCC(C)(C)C1,-4.8532
CCCCCCCC(=O)OCC(O)CO,0.179474131
CC(C)Cc1ccc(cc1)C(C)C(O)=O,-3.992248355
CC(O)C(C)\C=C/C1CC=C(C)C1(C)C,-3.786028703
CCOc1cc(NC(=O)c2ccccc2)c(OCC)cc1N,-2.405757197
Oc1ccc(C=O)cc1,-0.9762
ClC1=CC=C(Cl)C(=C1)OC2=C(Cl)C(=C(Cl)C=C2)Cl,-7.7
CCOC(=O)c1ccnc(c1)C(=O)OCC,-1.2184149
CCCCCCCCCl,-5.172243789
C[C@]12C[C@H](O)[C@H]3[C@@H](CCC4=CC(=O)CC[C@]34C)[C@@H]1CC[C@@H]2C(=O)CO,-3.2408
Brc1ccccn1,-0.8806
CC(=O)c1sccc1,-0.9549
COC(Cc1ccccc1)OC,-1.629618671
Cc1ccc(c(O)c1)C(C)(C)C,-2.672674663
CC12CCCC(C)(CC1)C2=NO,-3.074152207
O=C1CCCCCCCCCCCN1,-2.81950432
OC(=O)CC(=C)C(O)=O,-0.225028298
C[C@@H](Cl)[C@@H](C)Cl,-2.3541
CNC(=O)NC(=O)C(C)(C(=O)OC)C1=CCCCC1,-2.68
CC1CC(CC(C)(C)N1)OC(=O)c2ccccc2,-1.922
[O-][N+](=O)C1C(=O)CC(CC1=O)c2ccccc2,-1.6688
CCCCC(CC)COC(=O)OOC(C)(C)CC,-6.088238681
C1=CC(=CC=C1C(=O)NN)[N+](=O)[O-],-2.16
CC1(OCCO1)C2CCC3C4=CC=C5CC6(CCC5(C)C4CCC23C)OCCO6,-6.700119715
CCOC(=O)C(CC1=CC=C(O)C=C1)NC(=O)C1=CC=CC=C1,-3.33
COC(C)C(N)C(O)=O,0.4853
CC(C)C1OCCO1,-0.0651
Nc1cc(Cl)cc(C(O)=O)c1Cl,-2.4688
CCOC(=O)C(C)OC(C)=O,-0.6994
CC(C)=CCl,-1.9569
ClC(=C(C=C(Cl)Cl)Cl)Cl,-4.23
Cc1ccc(OCC(O)=O)cc1,-2.1414
CC1=CC=C(NC(=O)C(O)(O)C(=O)NC2=CC=C(C)C=C2)C=C1,-3.1
Cc1cccc(C)c1NC(=O)C[NH+]2CC[NH2+]CC2,0.443282789
CCO/N=C(OC(=O)C1=CC=CC=C1)/C2=C(OC)C(=CC=C2OC)Cl,-4.08
ClC1=CC(=C(C=C1Cl)C2=C(Cl)C=C(Cl)C(=C2Cl)Cl)Cl,-7.92
OC(=O)COc1nc(Cl)c(Cl)cc1Cl,-2.7656
S=C1Nc2ccccc2S1,-3.151504892
CCCC(CO[N+](=O)O)O[N+](=O)O,-2.5
OC(=O)CC#N,1.07026441
CCCCCCNC(=O)c1cccnc1,-2.5221
CCC(OCCCOC)OC(C)=O,-0.016848465
CCN(C(C)C)C(C)C,-1.241602263
CN(C)CNC(=O)C1=CC=CC=C1,0.42
CO[C@H]1C[C@@H](O[C@@H](C)[C@@H]1O)OC2[C@H](C)O[C@H](C[C@@H]2OC)OC3[C@@H](C)/C=C/C=C/4CO[C@@H]5[C@H](O)C(=C[C@@H](C(=O)O[C@H]6C[C@@H](C\C=C3/C)O[C@@]7(C6)O[C@@H]([C@@H](C)C=C7)C8CCCCC8)[C@]45O)C,-7.555881514
O=P(Oc1ccc(O)cc1C)(Oc2cc(O)ccc2C)Oc3c(O)cccc3C,-6.7
NNCCO,1.1186
Cc1ccc(cc1)[S](=O)(=O)/C(=C/N2CC(=O)NC2=S)C#N,-3.529299295
Brc1cccc2ccccc12,-4.3468
CCCCNCCO,0.931102034
OC(=O)C(=C)CC(=O)C1=CC=C(C=C1)C2=CC=CC=C2Cl,-3.2
COP(=S)(OC)SCN2C(=O)c1ccccc1C2=O,-4.1
C1OC1c2ccccc2,-1.906541121
COC(=O)C1(CCC1)[S](=O)(=O)c2ccc(Br)cc2,-3.55
CCC(C)c1ccc(O)c(c1)[N+]([O-])=O,-3.8403
COC(C)COC(C)CO,0.8292
Clc1c(Cl)c(Cl)c(Cl)c(O)c1OC,-4.02
OC(=O)CNC(=O)C1=CC=CC=C1,-1.69
OCCN(CCO)CCO,0.826260286
O=C1CCCCCCC\C=C/CCCCCCO1,-5.629397555
Clc1ccc(cc1)c2ccccc2Cl,-5.2803
OC(=O)CCCC1=CC=C(C=C1)N(CCCl)CCCl,-3.4
CC(=NNC(=O)C1=CC=NC=C1)C(=O)O,-3.31
O=S1OCC2C(CO1)C1(Cl)C(Cl)=C(Cl)C2(Cl)C1(Cl)Cl,-6.08
CC(C)=CCO,-0.128994642
CC(C)c1ccc(cc1)c2ccccc2,-5.609857774
N[S](=O)(=O)C1=CC2=C(S1)[S](=O)(=O)CCC2,-2.68
CCOc1ccccc1O,-1.171451504
CC(C)C(=O)OOC(C)(C)C,-1.607002567
NCC(CC(O)=O)C1=CC=C(Cl)C=C1,-1.7
Nc1ccc(Cl)cc1,-1.628640918
COC(=O)[C@H]1[C@H](CC2CCC1N2C)OC(=O)c3ccccc3,-2.2267
ClC1=CC(=CC(=C1)Cl)OC2=C(Cl)C=C(Cl)C(=C2)Cl,-8.06
C=CC(=O)OCCOc1ccccc1,-2.563625713
CCCCC(CC)CO[N+]([O-])=O,-4.146693491
NC1=CC=C(C(=C1)Cl)[S](=O)(=O)NC2=CC=C(Cl)C=C2,-4.59
CC1=CC=C(CN2C=C(F)C(=O)NC2=O)C=C1,-2.92
OC1=CC=C(Br)C=CC1=O,-3.5629
ClC1=C(Cl)C2(Cl)C3C4CC(C5OC45)C3C1(Cl)C2(Cl)Cl,-6.2908
CC(C)C1CCC(=CC1)C,-5.010343937
CCNC(C)CC,-0.21
Clc1ccc(NC(=O)CBr)c(c1)C(=O)c2ccccc2Cl,-6.888808288
COC1=CC=C(C=C1)C(=O)NC(CC2=CC=CC=C2)C(O)C(=O)N3CSC(C)(C)C3C(=O)NC(C)(C)C,-4.11
CCOC(=O)[C@H](C)NC(=O)CCl,-0.4628
CC(=O)NC1=CC2=C(C=C1)COC2=O,-2.6
CCC(=O)OCC(=O)C1(OC(=O)CC)C(C)CC2C3CCC4=CC(=O)C=CC4(C)C3(F)C(O)CC21C,-3.77
CCCCCCCC\C=C/CCCCCCCC(=O)OC(C)C,-6.335189016
Clc1ccc(Br)cc1Cl,-1.01149355
CC(C)C(C)CO,-0.39
CC1CC2C3CCC(O)(C(=O)CO)C3(C)CC(O)C2C4(C)C=CC(=O)C=C14,-3.49
CC(=O)c1c(C)c(c(c(c1C)[N+]([O-])=O)C(C)(C)C)[N+]([O-])=O,-5.1901
NCCOCCN,0.982328216
CN1C(=O)C(=N/Nc2ccc(Cl)c(Cl)c2)/C(=C(C#N)C1=O)C,-6.925783782
CN(C)CCOC(=O)C=C,0.224310685
C=CCOC(=O)OCCOCCOC(=O)OCC=C,-2.06526472
CCCCC(O)CN(\N=C/c1oc(cc1)[N+]([O-])=O)C(N)=O,-3.5716
CCCCC/C=C/CCC=O,-3.301742894
CC1=NC2=C(N=CNC2=O)N=C1,-1.65
CC(=O)O[C@H]1[C@H](O[C@@H]2OC(C)(C)O[C@H]12)[C@H]3COC(C)(C)O3,-1.5229
Cc1cc(cc(C)c1CC#N)C(C)(C)C,-4.701811829
O=CC1CO1,1.1423
CC12CCC(=O)CC1CCC3C4CCC(OC=O)C4(C)CCC23,-5.32
COC1=C(O)C=CC(=C1)\C=C\C(O)=O,-3.05
CCCC1CCCNC1,-1.011
C=COC1CC1,-1.1001
CC(C)CCCC(C)CC#N,-3.587759138
CCCCC(CC)COC(=O)c1ccc(C(=O)OCC(CC)CCCC)c(c1)C(=O)OCC(CC)CCCC,-8.252098343
Oc1ccc(Cl)cc1C(=O)Nc2ccc(cc2Cl)[N+]([O-])=O,-5.3106
CC(C1CC1)C(O)(Cn2cncn2)c3ccc(Cl)cc3,-3.3189
CCOC(C)OCC,-0.4291
CSCCC(NC(C)=O)C(=O)O,0.03
[O-][N+](=O)c1cccc(Cl)c1,-2.7612723
COCc1oc(C=O)cc1,-0.4992
CCCCC(C)CCC,-6.0474
C[C@@H]/1CC(=C/CC2C[C@@H](C[C@]3(CC[C@H](C)C(C)O3)O2)OC(=O)[C@@H]4C=C(C)[C@@H](O)[C@H]5OCC(=C\C=C1)/[C@@]45O)/C,-5.7787
CCCCCCCCO,-2.637593121
Clc1ccc(Cl)c(N\N=C2\C(=O)C(=Cc3ccccc23)C(=O)Nc4ccc(NC(=O)C5=Cc6ccccc6C(=N/Nc7cc(Cl)ccc7Cl)\C5=O)c(Cl)c4)c1,-7.869298263
NNC(=O)C(O)C(O)C(O)C(O)CO,-0.4985
[O-][N+](=O)c1ccc(Cl)c(Cl)c1Cl,-3.94
COc1nc(Nc2ccccc2)nc(Nc3ccc(\C=C\c4ccc(Nc5nc(Nc6ccccc6)nc(OC)n5)cc4[S]([O-])(=O)=O)c(c3)[S]([O-])(=O)=O)n1,-1.761510148
Nc1ccc2c(O)cc(cc2c1)[S](O)(=O)=O,-2.679885573
CN(C(C)=O)c1ccccc1,-0.951
CC(C)N(C(=O)CO)c1ccc(F)cc1,-1.178639899
O=C(c1ccc(Oc2ccccc2)cc1)c3ccc(cc3)C(=O)c4ccc(Oc5ccccc5)cc4,-7.973611776
COC(=O)c1cc(C)ccc1C2=NC(C)(C(C)C)C(=O)N2,-2.3262
CC34CCC1C(CCC2=CC(=O)CCC12O)C3CCC4(O)C#C,-4.57
ClCCNC(=O)N(CCCl)N=O,-1.7285
CCCCOCCOCCOCCCC,-1.862006084
CC(C)(C)CC(C)(C)N(c1ccccc1)c2cccc3ccccc23,-8.290038542
CC1CCOC1,0.090131249
COC1=C(O)C(OC)=C(Cl)C(Cl)=C1Cl,-3.41
Clc1cccc(c1)c2cc(Cl)c(Cl)cc2Cl,-7.1299
OC(=O)c1ccc(NC(=O)c2cccnc2)cc1,-3.0832
CCCCC(CC)COC(=O)C=C,-4.283204614
c1ccc2c(c1)cc3ccc4cccc5ccc2c3c45,-8.1924
CCOC(=O)CC1(C)OCC(C)O1,-2.179887223
CC(O)C(C)=O,1.055
CC1(C)C2CC=C(CCC=O)C1C2,-3.46576061
CC(Cl)C(C)Cl,-2.3541
O=C1NC(=O)C2=C(N1)NC(=O)C=N2,-3.34
CCCCC(CC)COC(=O)C(C)=C,-4.805974161
NC(CSCCCCCSCC(N)C(=O)O)C(=O)O,-2.91
[NH]1C2=C(N=CN=C2)N=C1C3=CC=CC=C3,-3.06
O=C1OC=CO1,0.777076543
CSC1=CC(=O)c2ccccc2C1=O,-4.4651
Fc1ccc(CCl)cc1,-2.5442
O=CC(=O)C1=CC=CC=C1,-0.74
O=C/C=C/c1ccccc1,-1.968818258
BrC1=C(C=CC2=CC=CC=C12)N=C=S,-4.32
C1=CC=C(CNC23OC4C5C6CC(C7C6C4C72)C53)C=C1,-3.4
Oc1cccc2cccnc12,-2.349605255
CCC(C)(O)C(C)C,-0.8504
O=C(Nc(ccc(N)c1)c1)C,-0.98
CO[P](=S)(OC)OC1=CC=C(C=C1)[N+]([O-])=O,-3.68
CC(O)CC=O,1.055
CCC(CC)(CC)NC(N)=O,-1.8191
Cc1cccc(I)c1O,-1.8378
I\C=C/I,-2.7813
CC(=O)OC(OC(C)=O)C(OC(C)=O)OC(C)=O,-2.1
CC(C)(C)c1cc(CCC(=O)OCCSCCOC(=O)CCc2cc(c(O)c(c2)C(C)(C)C)C(C)(C)C)cc(c1O)C(C)(C)C,-5.808172472
Cc1cc(C)c(Nc2ccc(Nc3c(C)cc(C)cc3C)c4C(=O)c5ccccc5C(=O)c24)c(C)c1,-7.825073045
Cc1cc(C)nc(C)c1,-0.5394
CCOC(C)C(=O)C(O)O,-0.1707
c1ccc2C(=O)N=C(c3ccccc3)Oc2c1,-4.61
CCC12CCC3C(CCC4=CC(=O)CCC34)C1CCC2(O)C#C,-5.19
CC/C=C/CC/C=C/C=C,-3.34190657
CCCC(Cl)CCCC(Cl)CCC(Cl)CCC(Cl)CCC(Cl)CCCC(Cl)CCC,-7.965810564
CCCCOC=C,-2.33794082
COC1=C2OC=CC2=CC2=C1OC(=O)C=C2,-3.52
N#CC(c1ccccc1)c2ccccc2,-2.9437
CCCCOC(=O)C1(O)c2ccccc2c3ccccc13,-3.8885
ClC1=CC(=C(Cl)C(=C1Cl)Cl)C2=CC(=C(Cl)C(=C2Cl)Cl)Cl,-9.16
O=C1OC(=O)c2cc3C(=O)OC(=O)c3cc12,-1.406221724
OCCCCCCCl,-1.082442195
Oc1cc(ccc1[N+]([O-])=O)c2ccccc2,-3.8557
CCCCCCCCCCOC1=CC(O)=C(C(C)=NO)C=C1,-4.89
CCCCCCCC\C=C/CCCCCCCC(=O)N(C)CC([O-])=O,-0.121592004
CC(=O)C(N=Nc1ccc(C)cc1[N+]([O-])=O)C(=O)Nc2ccccc2,-7.417968366
CCC(C(O)=O)C(O)=O,0.7315
CCOC(=O)C(C)C1CCCCC1,-3.327456749
CC(=O)Oc1ccc(Br)cc1C(O)=O,-2.5895
CC(C)CC(C)O,-0.7945
CC(C)CCOC(N)=O,-1.4403
CNC(=O)C(C)SCCS[P](=O)(OC)OC,0.54
CCCCOC(=O)/C=C/c1ccccc1,-1.6112
O=C=O,-1.4748
O=C(CCCN1CCC(O)(C2=CC=C(F)C=C2)CC1)C1=CC=C(F)C=C1,-2.83
NC(N)=O,0.957840099
C[C@]12CCC(=O)C=C1CC[C@@H]3[C@@H]2CC[C@@]4(C)[C@H]3CC[C@@]4(O)C#C,-5.6576
Clc1ccccc1C=O,-1.980572221
CC(C)N(C(C)C)C(=O)SC\C(Cl)=C\Cl,-4.2856
CC1=C2C=CC3=C(C=CC=C3)C2=CC4=C1CCCC4,-6.75
Nc1cccc(Cl)c1,-1.373368413
CCO[P](=O)(Cc1cc(c(O)c(c1)C(C)(C)C)C(C)(C)C)OCC,-4.472808844
FC(F)(F)c1cccc(Cl)c1,-3.411513885
C(CCCO[N+](=O)O)CCCO[N+](=O)O,-3.4
N1c2ccccc2Sc3ccc4ccccc4c13,-5.8957
CCC(O)(COC(N)=O)c1ccccc1,-0.9227
NS(=O)(=O)C1=CC(S(=O)(=O)C2=CC=C(O)C=C2)=CS1,-3.03
CC(=O)OC(C)(C)CCCC(=C)C=C,-3.597416499
OCCCBr,0.0093
CCCCN1C(=O)C=C(C)C(=C1O)C#N,-2.272990744
COc1ccc(C=O)c(C(O)=O)c1OC,-1.9247
N[S](=O)(=O)c1cc2c(NC(Cc3ccccc3)N[S]2(=O)=O)cc1C(F)(F)F,-3.5913
C1=CC=C(C2=NC3N=CN=CC3=N2)C=C1,-3.07
CC(C)CCCC(C)(C)O,-2.286983634
N[S](=O)(=O)C1=NN=C(N[S](=O)(=O)C2=CC(=CC=C2)[N+]([O-])=O)S1,-1.46
CC1NC(=O)C2=C(C=CC=C2)NC1=O,-2.38
CC(=O)OC1C(C)(C)C2CCC1(C)C2,-3.874596884
CCOc1ccc(N)cc1,-0.860835326
CCCCC(CC)COC(=O)OOC(C)(C)C,-4.659958513
C/C=C(/C)C(=O)O[C@H]1CC[C@@]2(C)[C@@H]3CC[C@H]4[C@]5(O)C[C@H](O)[C@@]6(O)[C@@H](CN7C[C@@H](C)CC[C@H]7[C@@]6(C)O)[C@]5(O)C[C@]24O[C@]13O,-3.0163
CN1CCN(CC1)C2=NC3=C(NC4=C2C=CC=C4)C=CC(=C3)Cl,-4.64
CCc1cccc(C)c1Nc2ccc(Nc3c(C)cccc3CC)c4C(=O)c5ccccc5C(=O)c24,-7.375301399
CC(Cc1cccc(CC(C)c2ccc(O)cc2)c1)c3ccc(O)cc3,-6.23863564
CCSC(=O)COc1ccc(Cl)cc1C,-5.027
NC(Cc1c[nH]c2ccc(O)cc12)C(O)=O,-1.343
CN=C1CN(O)C(=C2C=C(Cl)C=CC2=N1)c3ccccc3,-2.1757
NC(Cc2cc(I)c(Oc1ccc(O)c(I)c1)c(I)c2)C(O)=O,-5.22
NNc1cccc(c1)[S](O)(=O)=O,-0.8275
ClC1C2OC2C3C1C4(Cl)C(=C(Cl)C3(Cl)C4(Cl)Cl)Cl,-6.2893
C=CC#N,0.1474
CC1C(N)CN1C1=C(Cl)C2=C(C=C1F)C(=O)C(C(=O)O)=CN2C1CC1,-4.48
CC(=O)O[C@]1(CC[C@H]2[C@@H]3CCC4=CC(=O)CC[C@@H]4[C@H]3CC[C@]12C)C#C,-4.8041
CC(C(N)=O)S(=O)(=O)C1=CC=CC=C1,-1.64
Cc1ccc(cc1[N+]([O-])=O)C(=O)Nc2ccc(cc2)[S]([O-])(=O)=O,-1.232035998
[O-][S](=O)(=O)c1cccc(c1)[S]([O-])(=O)=O,0.370947285
CCOC(=O)CCCOc1ccc(Cl)cc1C,-4.4095
OC(=O)\C=C\c1ccccc1,-2.4335
CC(C)COC(=O)c1ccc(N)cc1,-2.9437
OC(=O)c1ccc(F)cc1,-2.0673
O=C1N=C(NC(=N1)c2ccccc2)c3ccccc3,-5.493585254
OC(=O)c1ccc(cc1)C(O)=O,-4.0444
CCCc1nc(C)c2n1NC(=NC2=O)c3cc(ccc3OCC)[S](=O)(=O)N4CCN(CC)CC4,-4.843867866
CC12CC(O)C3(F)C(CCC4=CC(=O)C=CC34C)C1CC(O)C2(O)C(=O)CO,-3.68
CN1C(=O)N(C)c2nc(Cl)[nH]c2C1=O,-1.5075
CCC(CC)(C(=O)NC(N)=O)C(=O)OC(C)C,-2.77
Cc1cc(Cl)cc(Cl)c1O,-2.0439
COc1ccc(Cl)c(Cl)c1Cl,-4.2918
CCCCCC1=C(CCC1CC(=O)OC)OC(C)=O,-3.721988672
CC12CC(O)C3(F)C(CCC4=CC(=O)CCC43C)C2CCC1(O)C(=O)CO,-3.43
Cc1ccc(O)c(C)c1,-1.191
CC(C)(CO)C=O,-0.3279
CC[C@]12CC[C@H]3[C@@H](CCC4=C3CC=C(C4)OC)[C@@H]1CC[C@@H]2O,-4.702513826
IC1=CC=C(C=C1)N=C=S,-4.05
CCCCCCCCCCCCCO,-3.301824028
ClC1=CC(=C(C=C1)C2=CC(=CC=C2Cl)Cl)Cl,-7.26
CCCCCCOC(=O)C1=CC(Cl)=C(O)C=C1,-4.09
[O-][N+](=O)C1=C(C=C(C(=O)N2CCOCC2)C(=C1)[N+]([O-])=O)N3CC3,-2.89
COC(=O)c1ccc(C)cc1,-2.576720352
COc1cccc2ccccc12,-4.1992
CCCCNC(=O)N1C=C(F)C(=O)NC1=O,-2.4464
OC(=O)C1=CNC(=O)NC1=O,-1.9381
CCCCCCCCCCCCCCCCCCC1CC(=O)N(CCNCCNCCNCCN2C(=O)CC(CCCCCCCCCCCCCCCCCC)C2=O)C1=O,-10.23471717
O=C1N(CCc2ccccc2)C(=O)c3ccc4c5ccc6C(=O)N(CCc7ccccc7)C(=O)c8ccc(c9ccc1c3c49)c5c68,-8.476148795
O=C(C1=CC=CC=C1)C1=CC=C2C(C(=O)O)CCN12,-3.26
CCC(C)CC(=O)CC,-1.630817582
CCC1CCC(O)O1,-0.0651
CC(C)(C)CC(=O)OCC(=O)C12OC(C)(C)OC1CC3C4CCC5=CC(=O)C=CC5(C)C4(F)C(O)CC23C,-5.12
Clc1cccc(c1)c2cc(Cl)ccc2Cl,-6.0077
CC(C)c1ccc(C)c(C(O)=O)c1O,-3.2883
CN(C)C(=N)N=C(N)N,0.257987497
ClC1=CC=C(C=C1)C2=C(Cl)C=C(Cl)C=C2,-6.0
C[C@@H]1C[C@H]2[C@@H]3C[C@H](F)C4=CC(=O)C=C[C@]4(C)[C@H]3[C@@H](O)C[C@]2(C)[C@H]1C(=O)CO,-3.203737155
Cc1ccc(C)c(O)c1,-1.537582757
Brc1ccc(I)cc1,-4.452
OCc1cccnc1,0.962063804
C1COC2(C1)CCCO2,-0.1078
Cc1cc(C)nc(N)n1,-0.4884
Cc1ccc(cc1)N2N=C(C)CC2=O,-2.365667988
O=C1N(SC2CCCCC2)C(=O)c3ccccc13,-4.323794172
CC(O)CC(C)(C)O,0.9275
CCCC(O)C#C,-0.4121
CCCCCCCCCCCC,-6.41
[nH]1cnc2nc(N)[nH]c(=O)c12,-4.43
NCC(O)=O,0.92
Cc1ccc(cc1[N+]([O-])=O)[N+]([O-])=O,-3.040285322
CCC(C)OC,-0.7306
CN1C(=O)N(C)C2=C(N(C)C(=O)N2C)C1=O,-0.9527
CCOC,-0.0799
CCO[P](=O)(SC(C)CC)N1CCSC1=O,-1.4589
CCC1=CC=C(O)C=C1,-1.4
CC(=C)c1cccc(c1)C(C)=C,-4.451139225
CC1(C)N=C(C2=CC=CC=C2)NC1=O,-0.85
CCCCC(=O)[N]1C=NC2=C1C(=O)N(C)C(=O)N2C,-2.12
Cc1c2ccccc2cc3ccc4ccccc4c13,-6.5648
CCOC(C)C,-0.5607
CCOCCOC(=O)C(C)Oc1ccc(Oc2ncc(cc2Cl)C(F)(F)F)cc1,-5.8739
CCCCCCOC(=O)[N]1C=NC2=C1C(=O)N(C)C(=O)N2C,-3.0
COC(=O)C(/C)=C/[C@@H]1[C@@H](C(=O)O[C@H]2CC(=O)C(=C2C)C\C=C/C=C)C1(C)C,-4.6168
C1CC[C@H](NC1)c2cccnc2,0.7898
CC1CC2=C(CC1(C)C(C)=O)C(C)(C)CCC2,-4.941791315
CC(=O)OCCN(CCOC(C)=O)c1ccc(cc1)N=Nc2ccc(cc2C#N)[N+]([O-])=O,-7.300465045
CCC(C)c1cc(cc(c1O)[N+]([O-])=O)[N+]([O-])=O,-3.6646
O=C(OC)C=C,-0.22
OC(=O)CC1(CCCCC1)CC(O)=O,-1.47223405
CC(SCSC(C)C(=O)O)C(=O)O,-1.82
O=C(Oc(c(ccc1)C(=O)O)c1)C,-1.72
CC/C=C/CCOC(=O)c1ccccc1O,-4.643981404
CC1OC1C,0.397295078
Clc1ccc2Oc3c(Cl)c(Cl)c(Cl)cc3Oc2c1,-8.8744
CC(O)C(N)C(O)=O,0.067
C(Oc1ccc2ccccc2c1)c3ccccc3,-6.477673979
CC(C)C1=CC2=CC[C@@H]3[C@](C)(CCC[C@@]3(C)C(O)=O)[C@H]2CC1,-3.7959
CC(C)OC(=O)C1(CC1)[S](=O)(=O)c2ccc(cc2)[N+]([O-])=O,-4.2605
CN1N=C(SC1=N[S](=O)(=O)C2=CC=C(N)C=C2)[S](N)(=O)=O,-2.5
CC(C)(C)CC(C)(C)c1ccc(Nc2ccc(cc2)C(C)(C)CC(C)(C)C)cc1,-6.595120185
ClC1(Cl)C2(Cl)C3(Cl)C4(Cl)C(Cl)(Cl)C5(Cl)C3(Cl)C1(Cl)C5(Cl)C24Cl,-6.8074
Cc1ccc(cc1)[S](=O)(=O)NC(=O)NN2CCCCCC2,-3.6778
CC1=CC2=CC3=C(OC(=O)C=C3C)C(C)=C2O1,-5.28
NC1=CC=C(S(=O)(=O)NC(CO)(CO)CO)C=C1,-1.4
Cn1c(COC(N)=O)ncc1[N+]([O-])=O,-1.8433
CC12CCC3C(CC=C4CC(O)CCC43C)C1CCC2=O,-4.01
NS(=O)(=O)C1=CC2=C(O1)SC(CNCC1=CC=CC=N1)=C2,-1.33
C[C@]12CC[C@H]3[C@@H](CCc4cc(O)ccc34)[C@@H]1CC[C@H]2O,-4.8441
C=CC(=O)OC1C=CC2C3CCC(C3)C12,-3.708142472
ClC1(Cl)C2(Cl)C3C(CC4C3C1(Cl)C5(Cl)C4C25Cl)C=O,-7.2006
CC(C)C1=NC(=C[NH]1)[N+]([O-])=O,-1.15
CC(C)CO[N+]([O-])=O,-1.9521
CCCCC(O)=O,-0.490652149
NC(=O)OC(CCl)CCl,-1.3605
C[C@](N)(Cc1ccc(O)c(O)c1)C(O)=O,-1.3247
[O-][N+](=O)c1ccc(O[P](=S)(Oc2ccc(cc2)[N+]([O-])=O)Oc3ccc(cc3)[N+]([O-])=O)cc1,-5.678834198
n(cccc1C(N(CC2)C)C2)c1,0.79
CC1=C(C2=CC=CC=C2C=C1)[N+](=O)[O-],-4.27
CCSC(=S)NC(C)C(O)=O,-1.2343
Cc1cccc(Oc2ccc(cc2)[N+]([O-])=O)c1,-4.6613
OCCC#N,1.1483
N[C@@H](Cc1cc(I)c(O)c(I)c1)C(O)=O,-2.8583
CN(C1CCCCC1)C(=O)COC(=O)C2=CC=CC=C2,-3.29
NC1=C(C=NC2=C(O)C=CC=C2)C=CC=C1,-3.64
COC1=CC=C(N[S](=O)(=O)C2=CC=C(N)C=C2)C=C1,-4.23
Nc1ccc(cc1)[S](=O)(=O)c2ccc(Cl)cc2,-4.1267
COc1ccc(cc1)\C=C/2N=C(OC2=O)c3ccc(cc3)C4=NC(=C/c5ccc(OC)cc5)/C(=O)O4,-6.983571154
COC(=O)C1(CCCCC1)[S](=O)(=O)C2=CC=CC=C2,-3.85
OCC1OC(O[P](O)(O)=O)C(O)C(O)C1O,0.5848
IC#N,-0.6333
CCCCCCCCOC(=O)CCCCC(=O)OCCCCCCCC,-5.6768
CN1C(=O)[C@]23CC4=CC=C[C@H](O)[C@H]4N2C(=O)[C@@]1(CO)SS3,-3.6687
COC(=O)C1=CC(O)=C(OC)C(O)=C1,-1.6
Cc1ccc(cc1)C(C)(C)C,-4.472021768
CC(=O)OCCBr,-0.6737
ClC(Cl)C(=O)N(CC=C)CC=C,-1.6193
CC1=C(Cl)C=C(CC2=CC(Cl)=CC=C2Cl)C(Cl)=C1,-8.03
CCO[P](=S)(OCC)OC(Cl)C(Cl)(Cl)Cl,-5.5263
Cc1cc(C)nc(NC(=O)N[S](=O)(=O)c2ccccc2C(=O)OC3COC3)n1,-3.893
Clc1ccc(cc1)[S](=O)(=O)c2cc(Cl)c(Cl)cc2Cl,-6.6594
CC(C)CNC(=O)N1CCNC1=O,-2.1538
CC1=CC=C(C=C1)C(O)=O,-2.53
CCC(C)Nc1c(cc(cc1[N+]([O-])=O)C(C)(C)C)[N+]([O-])=O,-5.4703
BrCC(Br)CO[P](=O)(OCC(Br)CBr)OCC(Br)CBr,-4.9405
O=C(C1CCCCC1)c2ccccc2,-4.014709735
NC1CC1,1.243394316
C#N,1.5682
ClC1=CC2=C(C(=CC=C2Cl)Cl)C(=C1)Cl,-7.51
CCc1nc2cnc(O)nc2nc1CC,-2.2644
OC(c(cccc1)c1)C(NC)C,-0.42
CCCCCCCCCCCC(=O)OCC(O)CO,-4.660234439
c1ccc2nc3ccccc3cc2c1,-3.6691
Cn1c2ccccc2c(C(N)=O)c1C(N)=O,-1.8184
OC(=S)COC1=C(Cl)C=C(Cl)C(Cl)=C1,-2.96
IC1=CNC(=O)C=C1,-1.7423
FC1=C(C(=CC=C1)F)C2=NN=C(N=N2)C3=C(Cl)C=CC=C3,-6.12
CC(C)CCOCCC(C)C,-3.760107067
Cc1cc(Cl)ccc1OCCCC(O)=O,-3.678
CCCCCCC(O)CC,-2.6608
CN1C(=C(O)C2=C(C=CC=C2)[S]1(=O)=O)C(=O)NC3=CC=CC=N3,-4.5
Cc1cc(ccc1N)C(O)(c2ccc(N)cc2)c3ccc(N)cc3,-3.0272
COc1ccc(cc1[N+]([O-])=O)C(=O)Nc2ccccc2,-4.987825809
COC(=O)c1ccc(N)cc1,-1.5974
CC1CC(=CC(C)C1CO)C,-2.371197393
CCN(CCO)c1ccc(cc1)N=Nc2sc3cc(OC)ccc3[n+]2C,-0.946771482
Nc1cc(c(O)c(c1)[N+]([O-])=O)[N+]([O-])=O,-2.3853
OCC[S](O)(=O)=O,0.8992
OC(=O)c1ccccc1C(=O)c2ccccc2O,-2.3428
O=CC=O,1.2363
OC(=O)CCS,0.754917543
CCCCO[P+](=O)OCCCC,-1.4249
CCCCCCCC(=O)OC,-3.17
CCOC(=O)CCCCC(=O)OCC,-1.6795
O=C(NNC(=O)c1ccccc1)c2ccccc2,-1.5883
C(Sc1nnc(c2ccccc2)c(n1)c3ccccc3)\C=C\CSc4nnc(c5ccccc5)c(n4)c6ccccc6,-7.025125555
NC1C(O)C(O)C(O)C(O)C1O,-1.41
COC(=O)c1ccc(cc1C([O-])=O)[N+]([O-])=O,-2.0558
ClC1=CC2=C(C(=C1Cl)Cl)C3=C(O2)C(=C(Cl)C(=C3)Cl)Cl,-10.3
ClC1(Cl)C2(Cl)C3(Cl)C4(Cl)C(=O)C5(Cl)C3(Cl)C1(Cl)C5(Cl)C24Cl,-5.2594
ClCCOCCCl,-1.12
OCC(O)C(O)C(O)CO,0.625274489
Nc1ccc(O[P](=S)(Oc2ccc(N)cc2)Oc3ccc(N)cc3)cc1,-5.309407137
N[C@@H](CCO)C(O)=O,0.924
C[Si](C)(C)O[Si](C)(C)C,-4.909505216
CCCCOC(=O)[C@@H](C)Oc1ccc(Oc2ccc(cn2)C(F)(F)F)cc1,-5.2826
CCCCC(CC)COC(=O)\C=C\C(=O)OCC(CC)CCCC,-5.456575257
CC(O)C(C)Cc1ccccc1,-1.69697299
ClC1=CC(Cl)=C(Cl)C=C1C1=C(Cl)C(Cl)=CC(Cl)=C1Cl,-8.94
CC(C)CCC[C@@H](C)CCC[C@@H](C)CCC[C@]1(C)CCc2c(C)c(OC(C)=O)c(C)c(C)c2O1,-5.771545225
OC(=O)CS,-1.964349215
COC1=CC=C2C3CCC4(C)C(CCC4(O)C#C)C3CCC2=C1,-5.49
[O-][N+](=O)c1ccc(cc1)N=Nc2ccc(Nc3ccccc3)cc2,-7.5229
FC(F)(F)Br,-2.667770969
CF,-0.175874376
CC(=O)OC1(CCCCC1)C#C,-2.352215179
FC(F)(F)C(F)(F)C(F)(F)F,-4.518
COc1ccc(cc1)C(O)(C2CC2)c3cncnc3,-2.5959
COc1cc(Cl)ccc1O,-1.5013
Cc1ccc2ccc(C)nc2c1,-1.9424
CCC(=O)OC(CC1=CC=CC=C1)(C(C)CN(C)C)C2=CC=CC=C2,-2.61
OC(=O)c1c2ccccc2cc3ccccc13,-3.4174
CN(C)C(=O)COC(=O)C1CCN2C(C(=O)C3=CC=CC=C3)=CC=C12,-3.03
CC(=O)OCCN(CCOC(C)=O)c1ccc(cc1)N=Nc2sc(cc2[N+]([O-])=O)[N+]([O-])=O,-7.547293505
COC1CC(=O)C[C@@H](C)[C@]12Oc3c(Cl)c(OC)cc(OC)c3C2=O,-4.611
O=C1C=CC(=O)N1c2ccccc2,-2.327317556
C=O,1.1206
BrC1=CC=C(C2=CC=C(Br)C=C2)C=C1,-7.74
CNCC[S]([O-])(=O)=O,0.19068814
CCC(O)C(Cl)(Cl)Cl,-0.9481
C[C@@H]1CO1,0.838033384
C1C(=O)C=C2CCC3C4CCC(O)(C#C)C4(C)CCC3C2(C)C1,-5.66
CO[P](=S)(OC)SCC(=O)N(C(C)C)c1ccc(Cl)cc1,-4.4321
CCN(C1CCCCC1)C(=O)N2N=NN(C2=O)c3ccccc3Cl,-5.1821
CC(=O)CSC#N,-0.2162
COc1ccc(cc1N\N=C2/C(=O)C(=Cc3ccccc23)C(=O)Nc4cc(Cl)ccc4C)C(=O)Nc5ccccc5,-7.752070739
CC1=CC(=O)NC(=S)N1,-2.4259
ClCCOCCOCCCl,-0.9955
CCCCCCCCCC(=O)Oc1ccc(cc1)C(O)=O,-5.42454755
OC(=O)C(Cl)Cl,0.8896
CCCCCCCCCCCCCCCCCCN(CCO)CCO,-5.775274192
CCOC(=O)C(C)CC,-2.336416369
CC(CCCC(C)C=O)CCC=C(C)C,-5.496890424
NCCNCCO,0.982328216
COCCOC,1.045169179
ClC1=C(Cl)C(=C(OC2=C(Cl)C(=C(Cl)C(=C2Cl)Cl)Cl)C=C1)Cl,-10.6
Cc1ccc2C(=O)c3ccccc3C(=O)c2c1N,-5.8541
CCCCC(O)CCCC,-2.49
[O-][N+](=O)c1ccc(Cl)cc1Cl,-3.009145641
CCOCCNCC1=CC2=C(OC(S(N)(=O)=O)=C2)S1,-0.92
CC(CC(C)(C)C)CC(C)(C)CC(C)(C)C,-3.354968489
CCC(COCCOC(=O)C=C)(COCCOC(=O)C=C)COCCOC(=O)C=C,-2.687445856
N[S](=O)(=O)C1=NN=C(N[S](=O)(=O)C2=CC=C(Cl)C=C2)S1,-2.01
C1CNCCNCCNCCN1,-0.031020416
CCCCCCCCCCCC[N+](C)(C)CC(O)C[S]([O-])(=O)=O,0.286518104
O=C1CCCCCCCCCC\C=C/CC1,-4.883187113
CC1OC(=C(O)C1=O)C,0.390669896
CC1(C)C2CCC1(C)C(N)(C2)C(O)=O,-1.5961
N[S](=O)(=O)C1=CC=C(NC2=CC=NC(=N2)NC(=O)N[S](=O)(=O)C3=CC=C(Cl)C=C3)C=C1,-4.0
CCSCCS[P](=O)(OC)OC,-1.8438
CCC#CC(C)C,-2.7448
O=C1NC(=O)C2(CC2)C(=O)N1,-1.89
CN(C)N,1.2211
CC1(C)CC(=O)CC(C)(C)N1[O],0.10341255
OC(=O)CC[Se][Se]CCC(O)=O,-2.2681
CC(C)c1ccc(cc1)C(O)=O,-3.0364
CCCC(O)C(CC)CO,-0.5418
COC(=O)C(Cl)Cc1ccc(Cl)cc1,-3.7655
CO,1.494280384
COCC(C)O,1.045169179
NC(=O)NCc1ccccc1,-0.9462
CCOC(=O)OCC,-0.798209708
Cn1c2ccccc2c(C=CC3=[N+](C)c4ccccc4C3(C)C)c1c5ccccc5,-1.743927996
ClC1=CC(=C(Cl)C=C1)C2=C(Cl)C(=C(Cl)C=C2)Cl,-7.91
CCCCCCCCCCCCCCCCCC(=O)OC(CCCCCC)CCCCCCCCCCC(=O)OCCCCCCCCCCCCCC(C)C,-8.755372465
Clc1cccc2c(Cl)c(Cl)c(Cl)cc12,-7.8566
CCCCC1CCC(CC1)C2CCC(=O)CC2,-6.373645635
OCCOC1=CC=C(OCCO)C=C1,-1.23
CC(=O)NC(COC(=O)C1=CC=CC=C1)C(=O)O,-3.22
NCCNC1=CC=C(S(=O)(=O)C2=CC=C(N)C=C2)C=C1,-2.35
CN1c2ccccc2Sc3ccc(CC(O)=O)cc13,-3.9422
